,City,Country,Lat,Lng,Max Temp,Humidity,Cloudiness,Wind Speed,Weather Description
0,Nampa,US,43.5407,-116.5635,76.28,34,0,10.36,clear sky
1,Nizhnevartovsk,RU,60.9344,76.5531,66.22,72,0,8.99,clear sky
2,Bahia Blanca,AR,-38.7196,-62.2724,48.02,76,100,10.54,overcast clouds
3,Punta Arenas,CL,-53.15,-70.9167,30.31,74,20,10.36,few clouds
4,Manggar,ID,-2.8833,108.2667,78.26,87,100,16.55,overcast clouds
5,Guerrero Negro,MX,27.9769,-114.0611,73.31,54,0,16.64,clear sky
6,Nanortalik,GL,60.1432,-45.2371,38.88,98,100,9.89,light rain
7,Kapaa,US,22.0752,-159.319,84.18,76,75,12.66,broken clouds
8,Mount Isa,AU,-20.7333,139.5,67.77,49,100,10.36,overcast clouds
9,Foligno,IT,42.944,12.7011,68.13,49,34,5.97,scattered clouds
10,Upernavik,GL,72.7868,-56.1549,33.6,89,9,10.36,clear sky
11,Barberton,ZA,-25.7884,31.0532,57.29,76,66,1.16,broken clouds
12,Santa Marta,CO,11.2408,-74.199,86.05,70,40,13.8,scattered clouds
13,Mogadishu,SO,2.0371,45.3438,78.37,81,51,21.97,light rain
14,Souillac,MU,-20.5167,57.5167,70.18,68,40,13.8,scattered clouds
15,Rikitea,PF,-23.1203,-134.9692,70.86,59,83,12.39,broken clouds
16,Chokurdakh,RU,70.6333,147.9167,44.83,42,33,8.48,scattered clouds
17,Barrow,US,71.2906,-156.7887,66.22,52,0,10.36,clear sky
18,Puerto Ayora,EC,-0.7393,-90.3518,69.55,96,69,5.01,broken clouds
19,Khatanga,RU,71.9667,102.5,55.18,55,100,12.8,overcast clouds
20,Muzhi,RU,65.3667,64.6667,59.99,90,100,7.09,light rain
21,Yellowknife,CA,62.456,-114.3525,72.12,28,20,10.36,few clouds
22,Flinders,AU,-34.5833,150.8552,60.39,63,85,3.89,overcast clouds
23,Vrable,SK,48.2437,18.3085,69.03,82,87,17.54,overcast clouds
24,Cape Town,ZA,-33.9258,18.4232,60.39,77,0,2.3,clear sky
25,Maku,IR,39.2911,44.4521,66.18,64,0,1.03,clear sky
26,Kimbe,PG,-5.5502,150.1429,83.91,68,70,2.19,broken clouds
27,Albany,US,42.6001,-73.9662,77.41,45,64,8.41,broken clouds
28,Lorengau,PG,-2.0226,147.2712,83.3,72,48,5.12,scattered clouds
29,Shimanovsk,RU,52.0,127.7,59.76,99,100,11.45,light rain
30,Pascagoula,US,30.3658,-88.5561,89.64,63,0,6.91,clear sky
31,Lazaro Cardenas,MX,17.9583,-102.2,82.71,73,96,5.53,overcast clouds
32,Busselton,AU,-33.65,115.3333,61.54,75,100,9.91,overcast clouds
33,Lebu,CL,-37.6167,-73.65,48.38,90,100,10.98,light rain
34,Jamestown,US,42.097,-79.2353,67.59,75,100,11.5,overcast clouds
35,Tortoli,IT,39.9256,9.6572,73.22,73,0,9.22,clear sky
36,Kemin,KG,42.7846,75.6892,56.71,90,92,2.15,overcast clouds
37,Lata,PT,40.1629,-8.3327,55.92,96,23,1.88,few clouds
38,Preobrazheniye,RU,42.9019,133.9064,62.02,77,72,10.98,broken clouds
39,Hobart,AU,-42.8794,147.3294,51.66,86,0,8.05,clear sky
40,Champoton,MX,19.35,-90.7167,75.99,90,100,13.24,overcast clouds
41,Cabo San Lucas,MX,22.8909,-109.9124,88.9,54,0,9.22,clear sky
42,Algiers,DZ,36.7525,3.042,73.22,60,40,4.61,scattered clouds
43,New Norfolk,AU,-42.7826,147.0587,51.3,86,100,1.95,light rain
44,Kirakira,SB,-10.4544,161.9205,84.52,70,80,5.17,broken clouds
45,Kalakamati,BW,-20.5929,27.3121,52.77,70,1,13.85,clear sky
46,Esperance,AU,-33.8667,121.9,56.12,83,6,13.06,clear sky
47,Hilo,US,19.7297,-155.09,81.63,85,100,9.22,moderate rain
48,Harper,LR,4.375,-7.7169,75.58,90,100,4.18,moderate rain
49,Hualmay,PE,-11.0964,-77.6139,62.64,78,50,12.35,scattered clouds
50,Qaanaaq,GL,77.484,-69.3632,38.07,79,100,1.28,overcast clouds
51,Fortuna,US,40.5982,-124.1573,74.86,65,0,5.99,clear sky
52,Seinajoki,FI,62.7945,22.8282,52.23,82,0,1.14,clear sky
53,San Carlos,VE,9.6612,-68.5827,73.08,95,94,1.41,overcast clouds
54,Tuktoyaktuk,CA,69.4541,-133.0374,35.6,87,40,13.8,scattered clouds
55,Port Augusta,AU,-32.5,137.7667,54.12,65,100,1.86,overcast clouds
56,Winchester,GB,51.0651,-1.3187,56.23,79,10,1.14,clear sky
57,Aklavik,CA,68.2191,-135.0107,53.94,53,100,6.8,overcast clouds
58,Joshimath,IN,30.5667,79.5667,56.48,59,5,7.02,clear sky
59,Urdoma,RU,61.7533,48.5442,49.17,76,100,7.11,overcast clouds
60,Ushuaia,AR,-54.8,-68.3,33.46,75,40,21.85,light snow
61,Tres Picos,MX,15.8667,-93.5333,79.18,88,100,1.5,overcast clouds
62,Avarua,CK,-21.2078,-159.775,80.65,83,75,10.36,broken clouds
63,Hithadhoo,MV,-0.6,73.0833,83.34,73,27,13.87,scattered clouds
64,Mataura,NZ,-46.1927,168.8643,43.32,74,5,2.28,clear sky
65,Victoria,HK,22.2855,114.1577,84.38,83,100,17.0,overcast clouds
66,Qaqortoq,GL,60.7167,-46.0333,38.37,97,100,5.91,light rain
67,Arraial Do Cabo,BR,-22.9661,-42.0278,71.46,83,0,13.8,light rain
68,Svetlaya,RU,46.5389,138.3297,55.15,87,100,3.47,overcast clouds
69,Dikson,RU,73.5069,80.5464,34.21,99,90,3.74,overcast clouds
70,Anchorage,US,61.2181,-149.9003,67.08,49,0,10.36,clear sky
71,Atuona,PF,-9.8,-139.0333,78.24,78,25,23.47,scattered clouds
72,Santarem,BR,-2.4431,-54.7083,77.13,94,20,1.14,few clouds
73,Shelburne,CA,44.0787,-80.2041,68.31,78,99,7.94,overcast clouds
74,Wabash,US,40.7978,-85.8205,90.12,71,91,7.65,overcast clouds
75,Avera,US,33.194,-82.5271,90.55,31,59,5.26,broken clouds
76,Jieshi,CN,22.8134,115.8257,81.39,86,100,8.9,overcast clouds
77,Castro,BR,-24.7911,-50.0119,54.82,94,49,2.28,scattered clouds
78,Petropavlovsk-Kamchatskiy,RU,53.0452,158.6483,57.79,72,75,4.47,broken clouds
79,Sitka,US,57.0531,-135.33,53.49,87,100,3.44,light rain
80,Saskylakh,RU,71.9167,114.0833,56.37,45,99,3.71,overcast clouds
81,Vestmanna,FO,62.1564,-7.1664,45.52,93,100,9.22,overcast clouds
82,Kasongo-Lunda,CD,-6.4667,16.8167,68.32,84,26,2.39,scattered clouds
83,Abbeville,FR,50.1,1.8333,53.56,92,38,7.18,scattered clouds
84,Juruti,BR,-2.1522,-56.0922,75.83,89,79,3.67,broken clouds
85,Hermanus,ZA,-34.4187,19.2345,56.8,81,10,8.39,clear sky
86,Vaini,TO,-21.2,-175.2,80.76,83,75,14.97,broken clouds
87,Marsh Harbour,BS,26.5412,-77.0636,80.71,74,14,13.73,few clouds
88,Taoudenni,ML,22.6783,-3.9836,95.0,29,16,14.79,few clouds
89,Zhigansk,RU,66.7697,123.3711,50.7,38,0,21.25,clear sky
90,Saint George,US,37.1041,-113.5841,91.94,5,0,3.0,clear sky
91,Hamilton,US,39.1834,-84.5333,82.6,48,0,8.05,clear sky
92,Iralaya,HN,15.0,-83.2333,80.11,84,100,15.08,overcast clouds
93,Luderitz,NA,-26.6481,15.1594,54.55,75,44,4.47,scattered clouds
94,Pevek,RU,69.7008,170.3133,32.95,98,100,5.21,light snow
95,Airai,TL,-8.9266,125.4092,63.28,78,99,3.83,overcast clouds
96,Otjiwarongo,NA,-20.4637,16.6477,33.66,70,0,4.65,clear sky
97,Bainbridge,US,47.6262,-122.5212,70.84,63,75,4.61,broken clouds
98,Gorontalo,ID,0.5412,123.0595,80.64,77,22,1.79,few clouds
99,Riyadh,SA,24.6877,46.7219,89.74,7,3,5.86,clear sky
100,Chapais,CA,49.7834,-74.8492,69.58,45,98,6.44,overcast clouds
101,Palani,IN,10.4667,77.5333,75.87,76,100,3.65,overcast clouds
102,Constitucion,CL,-35.3333,-72.4167,51.06,79,100,6.4,moderate rain
103,Goure,NE,13.9835,10.2704,90.01,12,3,3.67,clear sky
104,Ust-Omchug,RU,61.15,149.6333,67.01,57,98,4.29,overcast clouds
105,Huangnihe,CN,43.5583,128.0239,71.78,76,89,7.0,overcast clouds
106,Adolfo Lopez Mateos,MX,28.4667,-107.3,72.93,68,99,13.78,overcast clouds
107,Srednekolymsk,RU,67.45,153.6833,47.75,44,83,10.31,broken clouds
108,Naze,JP,28.3667,129.4833,77.92,86,77,16.67,broken clouds
109,San Carlos De Bariloche,AR,-41.1456,-71.3082,35.35,55,0,8.05,clear sky
110,Andra,RU,62.5147,65.8878,59.52,96,93,4.85,overcast clouds
111,Bethel,US,41.3712,-73.414,77.09,52,0,4.61,clear sky
112,Bredasdorp,ZA,-34.5322,20.0403,51.55,89,30,1.07,scattered clouds
113,Roma,US,43.2128,-75.4557,59.59,69,54,4.21,broken clouds
114,Sao Joao Da Barra,BR,-21.6403,-41.0511,70.25,85,11,11.48,few clouds
115,Ilulissat,GL,69.2167,-51.1,35.62,93,75,10.36,broken clouds
116,Hofn,IS,64.2539,-15.2082,44.29,72,100,4.16,overcast clouds
117,Sistranda,NO,63.7256,8.834,53.56,80,100,26.31,overcast clouds
118,Karpathos,GR,35.507,27.2132,71.56,83,0,13.8,clear sky
119,Auki,SB,-8.7676,160.7034,84.4,68,57,3.71,broken clouds
120,Jalu,LY,29.0331,21.5482,82.35,27,0,8.99,clear sky
121,Komsomolskiy,UZ,40.4272,71.7189,66.92,59,100,4.61,light rain
122,Asfi,MA,32.2994,-9.2372,66.22,77,5,17.2,clear sky
123,Fukue,JP,32.6881,128.8419,73.76,100,100,8.05,fog
124,Lavrentiya,RU,65.5833,-171.0,40.42,93,100,11.05,overcast clouds
125,Sioux Lookout,CA,50.1001,-91.917,95.07,34,20,10.36,few clouds
126,Kapit,MY,2.0167,112.9333,74.44,96,100,0.76,overcast clouds
127,Ulaangom,MN,49.9811,92.0667,64.54,44,6,1.63,clear sky
128,Mahebourg,MU,-20.4081,57.7,70.09,68,40,13.8,scattered clouds
129,Kidal,ML,18.4411,1.4078,90.59,25,18,6.08,few clouds
130,Baneh,IR,35.9975,45.8853,65.21,26,0,1.66,clear sky
131,Buin,CL,-33.7333,-70.75,56.05,52,99,0.6,overcast clouds
132,Geraldton,AU,-28.7667,114.6,50.41,93,7,10.36,clear sky
133,Leninskoye,KZ,41.7589,69.3864,61.84,68,85,5.48,overcast clouds
134,Saint-Philippe,RE,-21.3585,55.7679,63.99,66,82,10.33,broken clouds
135,Pacific Grove,US,36.6177,-121.9166,82.38,64,0,8.05,clear sky
136,Hambantota,LK,6.1241,81.1185,79.14,82,98,15.93,overcast clouds
137,Niteroi,BR,-22.8833,-43.1036,71.22,88,75,3.44,broken clouds
138,Antofagasta,CL,-23.65,-70.4,56.48,84,23,1.52,few clouds
139,Bluff,NZ,-46.6,168.3333,42.3,77,4,4.59,clear sky
140,San Cristobal,VE,7.7669,-72.225,73.58,97,100,1.95,overcast clouds
141,Turukhansk,RU,65.8167,87.9833,72.37,59,11,14.23,few clouds
142,Songadh,IN,21.1667,73.5667,78.87,82,66,10.16,broken clouds
143,Elko,US,41.0002,-115.5012,69.82,18,43,10.0,scattered clouds
144,Port Alfred,ZA,-33.5906,26.891,62.19,90,30,4.0,scattered clouds
145,Clyde River,CA,70.4692,-68.5914,35.83,87,0,9.22,clear sky
146,Kuching,MY,1.55,110.3333,75.42,100,40,1.99,scattered clouds
147,Tecoanapa,MX,16.5167,-98.75,80.47,83,83,4.99,broken clouds
148,Hay River,CA,60.8156,-115.7999,66.18,45,75,12.66,broken clouds
149,Sfantu Gheorghe,RO,45.8667,25.7833,67.26,83,5,2.08,clear sky
150,Bestobe,KZ,52.4994,73.0975,66.67,76,89,5.3,overcast clouds
151,Namatanai,PG,-3.6667,152.4333,84.78,64,71,6.51,broken clouds
152,Januaria,BR,-15.4833,-44.3667,68.13,40,0,2.93,clear sky
153,Sayyan,YE,15.1718,44.3244,67.24,43,99,4.83,overcast clouds
154,Te Anau,NZ,-45.4167,167.7167,38.43,85,61,0.54,broken clouds
155,Atkarsk,RU,51.8718,45.0078,63.21,94,88,4.03,overcast clouds
156,Mar Del Plata,AR,-38.0023,-57.5575,53.1,77,0,4.61,clear sky
157,Virginia Beach,US,36.8529,-75.978,78.87,55,40,5.75,scattered clouds
158,Arenapolis,BR,-14.4503,-56.8461,71.76,59,16,0.81,few clouds
159,Puerto Narino,CO,-3.7703,-70.3831,72.97,95,71,3.24,broken clouds
160,Cherskiy,RU,68.75,161.3,36.73,92,100,15.73,overcast clouds
161,Ponta Do Sol,PT,32.6667,-17.1,66.83,62,55,6.49,broken clouds
162,Yerbogachen,RU,61.2767,108.0108,57.2,52,2,8.03,clear sky
163,Basco,PH,20.4487,121.9702,85.8,73,74,13.49,broken clouds
164,Sokolow Podlaski,PL,52.4068,22.2531,55.87,96,79,15.14,broken clouds
165,Spencer,US,43.1414,-95.1444,96.91,36,0,21.85,clear sky
166,Mehamn,NO,71.0357,27.8492,48.15,76,0,11.5,clear sky
167,Alofi,NU,-19.0595,-169.9187,82.29,83,75,10.36,broken clouds
168,Kamra,PK,33.7473,73.5111,64.96,74,100,6.82,overcast clouds
169,Kahului,US,20.8947,-156.47,89.62,55,40,20.71,scattered clouds
170,Nhamunda,BR,-2.1861,-56.7131,74.98,89,59,0.47,broken clouds
171,Thompson,CA,55.7435,-97.8558,60.96,82,100,9.22,overcast clouds
172,Touros,BR,-5.1989,-35.4608,75.96,87,15,12.88,few clouds
173,Leshukonskoye,RU,64.8989,45.7622,44.49,95,100,6.02,overcast clouds
174,Yingcheng,CN,30.95,113.55,81.66,79,57,6.96,broken clouds
175,Williston,US,48.147,-103.618,75.81,61,83,1.99,broken clouds
176,Churapcha,RU,62.0025,132.4325,72.52,56,100,6.69,overcast clouds
177,Utinga,BR,-5.8172,-35.3954,79.2,100,75,4.61,broken clouds
178,Longkou,CN,37.6508,120.3286,78.46,69,91,11.65,overcast clouds
179,Iqaluit,CA,63.7506,-68.5145,55.13,37,20,16.11,few clouds
180,Lasa,IT,46.6166,10.7002,65.28,86,10,4.59,clear sky
181,Toumodi,CI,6.5613,-5.0158,70.83,99,100,2.98,light rain
182,Ribeira Grande,PT,38.5167,-28.7,65.34,86,70,21.09,broken clouds
183,Pisco,PE,-13.7,-76.2167,64.45,72,0,12.66,clear sky
184,Lakes Entrance,AU,-37.8811,147.981,51.96,90,100,2.84,light rain
185,Nikolskoye,RU,59.7035,30.7861,54.88,86,97,3.53,overcast clouds
186,Amursk,RU,50.2261,136.8994,65.08,77,93,3.49,overcast clouds
187,Codrington,AU,-38.2667,141.9667,49.71,85,70,9.66,broken clouds
188,Honiara,SB,-9.4333,159.95,85.39,67,60,1.59,broken clouds
189,Lethem,GY,3.3803,-59.7968,75.38,90,87,2.21,overcast clouds
190,Troitsko-Pechorsk,RU,62.7084,56.1964,53.8,92,97,5.08,overcast clouds
191,Nome,US,64.5011,-165.4064,61.16,70,0,8.05,clear sky
192,Elizabeth City,US,36.2946,-76.2511,75.22,50,0,10.36,clear sky
193,Necochea,AR,-38.5473,-58.7368,48.18,65,100,7.78,light rain
194,Puerto Colombia,CO,10.9878,-74.9547,84.29,81,59,15.84,broken clouds
195,Port Elizabeth,ZA,-33.918,25.5701,61.32,96,75,11.5,broken clouds
196,Klaksvik,FO,62.2266,-6.589,47.32,84,100,14.45,overcast clouds
197,Caravelas,BR,-17.7125,-39.2481,70.02,88,29,4.9,scattered clouds
198,College,US,64.8569,-147.8028,73.0,57,75,10.36,broken clouds
199,Rudnya,RU,54.947,31.0934,56.07,92,100,4.83,overcast clouds
200,Sao Filipe,CV,14.8961,-24.4956,73.72,92,80,7.11,light rain
201,Derzhavinsk,KZ,51.1,66.3167,63.05,69,32,11.43,scattered clouds
202,Havelock,US,34.8791,-76.9013,82.38,48,75,6.91,broken clouds
203,Oksfjord,NO,70.2396,22.3479,54.0,71,100,9.26,overcast clouds
204,Faanui,PF,-16.4833,-151.75,80.08,76,63,12.75,light rain
205,Mansa,IN,29.9833,75.3833,82.98,45,82,6.26,broken clouds
206,Yamada,JP,39.4667,141.95,68.97,71,32,6.78,scattered clouds
207,Sobolevo,RU,54.4299,31.8996,58.6,99,98,4.83,moderate rain
208,Vardo,NO,70.3705,31.1107,42.78,93,100,10.36,overcast clouds
209,Labuhan,ID,-6.8844,112.2051,78.21,84,97,6.08,overcast clouds
210,Ha Giang,VN,22.8333,104.9833,82.6,83,96,0.81,overcast clouds
211,Singaparna,ID,-7.3515,108.111,71.4,95,79,0.85,broken clouds
212,Waingapu,ID,-9.6567,120.2641,78.4,68,77,9.71,broken clouds
213,Pinega,RU,64.7001,43.3936,39.94,96,78,6.06,broken clouds
214,Hojai,IN,26.0,92.8667,75.18,92,69,2.53,broken clouds
215,Krasnoselkup,RU,65.7,82.4667,70.34,51,86,10.74,overcast clouds
216,Cidreira,BR,-30.1811,-50.2056,59.49,76,20,11.39,few clouds
217,Kishi,NG,9.0833,3.85,72.54,91,79,3.49,moderate rain
218,Broome,US,42.2506,-75.833,71.98,32,0,5.75,clear sky
219,Ola,RU,59.5833,151.2833,55.15,87,100,4.25,overcast clouds
220,Sungaipenuh,ID,-2.0833,101.3833,64.22,88,56,2.39,broken clouds
221,Chitral,PK,35.8462,71.7858,62.69,67,100,2.89,overcast clouds
222,Perry,US,37.2506,-83.1999,82.58,58,88,2.28,overcast clouds
223,Dingle,PH,10.9995,122.6711,80.87,81,100,1.05,moderate rain
224,Provins,FR,48.5833,3.1667,59.25,68,88,9.01,overcast clouds
225,Saryozek,KZ,44.3583,77.9753,60.58,81,37,4.34,scattered clouds
226,Aleksandrov Gay,RU,50.147,48.5704,69.84,78,26,7.43,scattered clouds
227,Smiths Falls,CA,44.9001,-76.0161,74.89,75,11,7.25,few clouds
228,Kaitangata,NZ,-46.2817,169.8464,44.35,80,21,1.7,few clouds
229,Simiti,CO,7.9579,-73.9436,77.0,92,99,3.04,overcast clouds
230,Noumea,NC,-22.2763,166.4572,73.38,99,98,9.69,overcast clouds
231,Namibe,AO,-15.1961,12.1522,59.38,75,0,8.25,clear sky
232,Bafia,CM,4.75,11.2333,65.77,98,67,1.12,broken clouds
233,Tasiilaq,GL,65.6145,-37.6368,44.76,64,96,2.86,overcast clouds
234,Leningradskiy,RU,69.3833,178.4167,47.32,80,81,7.4,light rain
235,Bambous Virieux,MU,-20.3428,57.7575,70.05,68,40,13.8,scattered clouds
236,Tacuarembo,UY,-31.7333,-55.9833,47.8,89,86,5.14,overcast clouds
237,Tual,ID,-5.6667,132.75,81.46,76,91,12.17,overcast clouds
238,Qasigiannguit,GL,68.8193,-51.1922,35.85,81,100,5.46,overcast clouds
239,Tsumeb,NA,-19.2333,17.7167,50.31,34,0,6.2,clear sky
240,Veraval,IN,20.9,70.3667,84.06,80,89,14.76,overcast clouds
241,Thinadhoo,MV,0.5333,72.9333,83.08,74,21,13.44,few clouds
242,Port Lincoln,AU,-34.7333,135.8667,57.97,74,77,12.55,broken clouds
243,Ust-Ishim,RU,57.6935,71.1665,60.42,99,99,5.26,overcast clouds
244,La Paz,BO,-16.5,-68.15,49.98,36,40,2.3,scattered clouds
245,Arzgir,RU,45.3728,44.2206,71.44,38,17,5.77,few clouds
246,Aden,YE,12.7794,45.0367,88.21,72,64,5.48,broken clouds
247,Mankono,CI,8.0586,-6.1897,71.11,96,33,3.67,light rain
248,Grootfontein,NA,-19.5667,18.1167,40.57,56,1,4.61,clear sky
249,Bathsheba,BB,13.2167,-59.5167,83.01,74,40,17.27,scattered clouds
250,Illapel,CL,-31.6308,-71.1653,50.76,81,97,1.81,overcast clouds
251,Bam,IR,29.106,58.357,80.19,21,0,9.62,clear sky
252,Abay,KZ,49.6311,72.8539,59.38,71,87,8.34,overcast clouds
253,Anadyr,RU,64.75,177.4833,59.5,63,40,15.66,scattered clouds
254,Quetame,CO,4.3323,-73.8614,60.85,99,100,1.03,overcast clouds
255,Aktau,KZ,43.65,51.2,63.18,42,41,7.61,scattered clouds
256,Ambilobe,MG,-13.2,49.05,63.86,87,5,4.05,clear sky
257,Harqalah,TN,36.0303,10.509,75.06,78,0,5.75,clear sky
258,Vermilion,US,40.1667,-87.7506,90.19,33,0,11.5,clear sky
259,Bundi,IN,25.4417,75.6417,79.65,74,65,4.21,broken clouds
260,Aron,IN,24.3833,77.4167,76.82,81,52,6.22,broken clouds
261,Brae,GB,60.3964,-1.353,51.73,98,100,11.25,light rain
262,Butaritari,KI,3.0707,172.7902,82.89,69,8,14.76,clear sky
263,Richards Bay,ZA,-28.783,32.0377,64.2,77,47,0.49,scattered clouds
264,Morristown,US,36.214,-83.2949,83.1,49,0,0.0,clear sky
265,Zarautz,ES,43.2844,-2.1699,64.35,91,100,3.71,overcast clouds
266,Bonthe,SL,7.5264,-12.505,76.93,85,100,7.0,light rain
267,Ponta Delgada,PT,37.7333,-25.6667,66.51,94,75,11.5,light rain
268,Mayya,RU,61.7333,130.2811,67.32,54,100,1.07,overcast clouds
269,Coquimbo,CL,-29.9533,-71.3436,55.13,71,75,4.61,broken clouds
270,Ocumare Del Tuy,VE,10.1165,-66.7761,72.18,95,49,2.15,scattered clouds
271,Nouadhibou,MR,20.931,-17.0347,73.38,94,100,6.91,mist
272,Tiksi,RU,71.6872,128.8694,40.84,57,94,5.1,overcast clouds
273,Ishigaki,JP,24.3448,124.1572,86.13,89,20,11.5,few clouds
274,Xichang,CN,27.8964,102.2634,70.07,89,92,0.92,overcast clouds
275,Vao,NC,-22.6667,167.4833,70.81,61,89,17.29,overcast clouds
276,Kutum,SD,14.2,24.6667,77.65,47,92,5.86,overcast clouds
277,Taman,RU,45.2117,36.7161,75.36,65,66,8.46,broken clouds
278,Kalmunai,LK,7.4167,81.8167,78.78,83,100,6.98,overcast clouds
279,Ahipara,NZ,-35.1667,173.1667,56.12,70,94,12.97,overcast clouds
280,Pitimbu,BR,-7.4706,-34.8086,75.79,81,24,11.54,few clouds
281,Ruteng,ID,-8.6136,120.4721,65.01,67,49,1.88,scattered clouds
282,Dudinka,RU,69.4058,86.1778,65.62,46,99,10.6,overcast clouds
283,Georgetown,MY,5.4112,100.3354,76.93,100,20,2.3,few clouds
284,Coahuayana,MX,18.7333,-103.6833,85.75,64,96,5.39,overcast clouds
285,Beringovskiy,RU,63.05,179.3167,50.13,70,38,14.67,scattered clouds
286,Ust-Uda,RU,54.1742,103.0304,61.95,76,9,4.47,clear sky
287,Kruisfontein,ZA,-34.0033,24.7314,51.89,85,85,3.36,overcast clouds
288,Ust-Maya,RU,60.4167,134.5333,74.73,51,100,6.06,overcast clouds
289,Gat,IL,31.61,34.7642,74.08,100,7,3.0,clear sky
290,Thunder Bay,CA,48.4001,-89.3168,93.11,51,20,12.66,few clouds
291,Loubomo,CG,-4.1997,12.6739,65.07,94,23,4.12,few clouds
292,Kanigiri,IN,15.4,79.5167,82.33,68,99,12.41,overcast clouds
293,Hatta,IN,24.1167,79.6,79.77,68,66,5.08,broken clouds
294,Tabuk,PH,17.4189,121.4443,80.44,83,91,5.14,overcast clouds
295,Sarankhola,BD,22.3082,89.7897,77.94,92,98,2.15,light rain
296,Belmonte,BR,-15.8631,-38.8828,72.37,82,2,7.72,clear sky
297,Orapa,BW,-21.2833,25.3667,56.98,59,1,17.94,clear sky
298,Buluang,PH,13.3068,123.3425,83.48,77,44,2.04,scattered clouds
299,Quang Ngai,VN,15.1167,108.8,83.19,63,84,3.24,broken clouds
300,Nodeland,NO,58.1552,7.8358,57.06,59,75,2.3,broken clouds
301,Saint-Ambroise,CA,48.5501,-71.3324,68.54,37,78,4.61,broken clouds
302,Ancud,CL,-41.8697,-73.8203,38.23,85,82,7.7,broken clouds
303,Mirabad,AF,30.4362,61.8383,80.04,21,0,22.64,clear sky
304,Bubaque,GW,11.2833,-15.8333,79.95,80,93,11.07,light rain
305,San Vicente,AR,-26.6167,-54.1333,56.73,99,23,3.15,few clouds
306,Peleduy,RU,59.6289,112.7406,48.61,87,100,10.09,overcast clouds
307,Kemijarvi,FI,66.7131,27.4306,45.93,82,88,4.32,overcast clouds
308,Norrtalje,SE,59.758,18.705,52.84,82,4,2.95,clear sky
309,Luganville,VU,-15.5333,167.1667,79.12,80,47,7.52,scattered clouds
310,Isangel,VU,-19.55,169.2667,77.11,65,40,4.61,scattered clouds
311,Mareeba,AU,-17.0,145.4333,70.52,82,71,4.61,broken clouds
312,Saldanha,ZA,-33.0117,17.9442,55.45,67,87,7.83,overcast clouds
313,Seymchan,RU,62.8833,152.4333,48.92,82,100,13.38,overcast clouds
314,Catamarca,AR,-28.4696,-65.7852,57.78,47,0,1.01,clear sky
315,San Rafael,AR,-34.6177,-68.3301,46.78,34,49,8.66,scattered clouds
316,Santa Luzia,BR,-19.7697,-43.8514,68.9,66,0,10.36,clear sky
317,Rawson,AR,-43.3002,-65.1023,41.13,62,5,18.28,clear sky
318,East London,ZA,-33.0153,27.9116,61.79,83,14,13.89,few clouds
319,Ostrovnoy,RU,68.0531,39.5131,39.11,95,100,11.23,overcast clouds
320,Smithers,CA,54.7804,-127.1743,66.52,52,75,9.22,broken clouds
321,Phek,IN,25.6667,94.5,60.17,98,85,1.01,overcast clouds
322,Coihueco,CL,-36.6167,-71.8333,47.14,87,0,5.75,light rain
323,Hue,VN,16.4667,107.6,86.11,66,20,4.61,few clouds
324,Uyuni,BO,-20.4597,-66.825,38.14,36,20,16.96,few clouds
325,San Patricio,US,28.017,-97.5169,95.72,48,25,14.76,scattered clouds
326,Havre-Saint-Pierre,CA,50.2334,-63.5986,52.16,66,100,9.22,overcast clouds
327,Cikampek,ID,-6.4197,107.4558,75.47,86,56,2.06,broken clouds
328,Hvide Sande,DK,56.0045,8.1294,54.09,79,2,18.03,clear sky
329,Wagar,SD,16.1525,36.2032,86.79,45,40,16.96,scattered clouds
330,Hobyo,SO,5.3505,48.5268,78.13,75,97,25.43,overcast clouds
331,Arlit,NE,18.7369,7.3853,92.68,15,5,6.06,clear sky
332,Sinnamary,GF,5.3833,-52.95,77.85,84,9,8.16,clear sky
333,Orlik,RU,52.5178,99.825,56.17,70,40,1.63,scattered clouds
334,Chuy,UY,-33.6971,-53.4616,47.66,75,68,6.31,broken clouds
335,Tuatapere,NZ,-46.1333,167.6833,45.79,65,1,4.34,clear sky
336,Vila Franca Do Campo,PT,37.7167,-25.4333,66.2,87,37,9.57,scattered clouds
337,Suicheng,CN,33.8963,117.9331,85.98,55,91,8.79,overcast clouds
338,Los Llanos De Aridane,ES,28.6585,-17.9182,65.12,87,100,11.5,overcast clouds
339,Jining,CN,35.405,116.5814,88.38,48,99,11.25,overcast clouds
340,Carnarvon,AU,-24.8667,113.6333,65.71,63,0,10.83,clear sky
341,Tsabong,BW,-26.0217,22.401,63.34,47,30,19.73,scattered clouds
342,Roald,NO,62.5833,6.1333,60.17,82,100,18.41,overcast clouds
343,Road Town,VG,18.4167,-64.6167,82.44,74,40,9.22,scattered clouds
344,Aksarka,RU,66.5606,67.7975,57.54,96,100,8.48,moderate rain
345,Narsaq,GL,60.9167,-46.05,44.82,97,100,5.68,light rain
346,Coihaique,CL,-45.5752,-72.0662,32.61,93,20,3.44,few clouds
347,Makakilo City,US,21.3469,-158.0858,84.52,54,0,18.41,clear sky
348,Grants Pass,US,42.439,-123.3284,81.18,40,0,11.5,clear sky
349,Maldonado,UY,-34.6667,-54.9167,49.39,70,89,5.88,overcast clouds
350,Langxiang,CN,46.95,128.8833,69.69,77,89,9.95,overcast clouds
351,Nanzhang,CN,31.7765,111.8386,82.29,76,82,5.53,broken clouds
352,Forest Acres,US,34.0193,-80.9898,89.35,42,0,6.91,clear sky
353,Margate,GB,51.3813,1.3862,55.31,84,24,1.01,few clouds
354,Tommot,RU,58.9564,126.2925,70.02,57,100,5.26,overcast clouds
355,Severo-Kurilsk,RU,50.6789,156.125,49.46,85,100,11.34,overcast clouds
356,Manthani,IN,18.65,79.6667,75.85,92,100,8.12,moderate rain
357,Teya,RU,60.3778,92.6267,64.31,61,57,3.13,broken clouds
358,Hasaki,JP,35.7333,140.8333,79.29,86,100,6.78,overcast clouds
359,Medea,DZ,36.2642,2.7539,75.33,36,100,2.24,overcast clouds
360,San Bernardo,CL,-33.6,-70.7167,52.75,48,99,0.36,overcast clouds
361,Kavieng,PG,-2.5744,150.7967,82.36,75,83,8.19,light rain
362,Kodiak,US,57.79,-152.4072,56.71,67,100,9.22,light rain
363,Norman Wells,CA,65.282,-126.8329,68.04,56,75,18.41,broken clouds
364,Nishihara,JP,26.1842,127.7558,84.25,86,40,16.11,scattered clouds
365,Rapid Valley,US,44.0625,-103.1463,74.03,76,100,11.01,overcast clouds
366,Bengkulu,ID,-3.8004,102.2655,74.7,90,75,3.42,broken clouds
367,Santiago Del Estero,AR,-27.7951,-64.2615,60.6,50,0,5.93,clear sky
368,Kaoma,ZM,-14.7833,24.8,54.12,52,0,7.43,clear sky
369,Mandalgovi,MN,45.7625,106.2708,72.3,23,100,11.27,overcast clouds
370,Zamosc,PL,50.7231,23.252,63.39,94,86,14.83,overcast clouds
371,Udachnyy,RU,66.4167,112.4,57.45,47,43,6.4,scattered clouds
372,Bundaberg,AU,-24.85,152.35,67.21,77,98,5.01,overcast clouds
373,Balkhash,KZ,46.844,74.9804,70.77,56,54,13.11,broken clouds
374,Longyearbyen,SJ,78.2186,15.6401,39.04,75,75,29.93,light rain
375,Nioro,GM,13.35,-15.75,79.48,77,98,6.33,overcast clouds
376,Marystown,CA,47.1666,-55.1483,53.85,100,99,1.99,overcast clouds
377,Mount Gambier,AU,-37.8333,140.7667,50.63,87,41,5.1,scattered clouds
378,Atar,MR,20.5169,-13.0499,78.17,73,100,4.0,overcast clouds
379,La Baule-Escoublac,FR,47.2922,-2.364,63.72,94,74,16.11,broken clouds
380,Palembang,ID,-2.9167,104.7458,75.29,94,20,2.3,few clouds
381,Tanout,NE,14.9709,8.8879,89.2,12,1,5.37,clear sky
382,Lerwick,GB,60.1545,-1.1494,51.8,98,100,12.93,light rain
383,Dalian,CN,38.9122,121.6022,71.53,88,80,8.95,mist
384,Rozivka,UA,46.9385,35.7724,65.68,59,0,3.69,clear sky
385,Navolato,MX,24.7672,-107.6944,94.64,54,54,12.39,broken clouds
386,Tiarei,PF,-17.5333,-149.3333,84.0,75,48,14.85,light rain
387,Torbay,CA,47.6666,-52.7314,61.29,95,100,13.8,overcast clouds
388,Yulara,AU,-25.2406,130.9889,58.95,57,0,14.23,clear sky
389,Angoram,PG,-4.0625,144.0661,84.36,69,40,2.48,scattered clouds
390,Tazovskiy,RU,67.4667,78.7,63.93,63,88,3.33,overcast clouds
391,Provideniya,RU,64.3833,-173.3,39.36,100,100,11.18,fog
392,Abrau-Dyurso,RU,44.69,37.59,67.48,62,66,5.73,broken clouds
393,Pietarsaari,FI,63.65,22.6833,51.01,89,99,5.12,moderate rain
394,Meulaboh,ID,4.1363,96.1285,74.21,92,100,4.61,overcast clouds
395,Beloha,MG,-25.1667,45.05,61.75,84,2,6.78,clear sky
396,Aykhal,RU,66.0,111.5,56.35,39,52,6.73,broken clouds
397,Moron,AR,-34.6534,-58.6198,53.29,78,100,4.12,overcast clouds
398,Koubia,GN,11.5833,-11.9,68.38,90,100,2.24,overcast clouds
399,Cuamba,MZ,-14.8031,36.5372,58.87,91,1,6.31,clear sky
400,Puerto Del Rosario,ES,28.5004,-13.8627,69.55,78,0,11.5,clear sky
401,Chicama,PE,-7.8447,-79.1469,59.54,82,31,8.59,scattered clouds
402,General Roca,AR,-39.0333,-67.5833,45.63,45,100,18.21,moderate rain
403,Katsuura,JP,35.1333,140.3,74.71,88,100,0.13,overcast clouds
404,Andijon,UZ,40.7821,72.3442,63.68,66,100,9.19,moderate rain
405,Salalah,OM,17.0151,54.0924,80.65,90,100,9.33,overcast clouds
406,Maningrida,AU,-12.0667,134.2667,76.93,55,85,13.11,overcast clouds
407,Babu,CN,24.4167,111.5167,75.56,98,100,2.66,overcast clouds
408,Sur,OM,22.5667,59.5289,89.58,55,0,9.84,clear sky
409,Saint-Georges,GD,12.0564,-61.7485,82.08,78,20,9.22,few clouds
410,Skjervoy,NO,70.0311,20.9714,48.2,75,100,5.08,overcast clouds
411,Severnyy,RU,50.677,36.5532,68.04,56,0,8.95,clear sky
412,Sao Bernardo,BR,-3.3614,-42.4178,74.7,88,67,1.32,light rain
413,Santa Isabel Do Rio Negro,BR,-0.4139,-65.0192,73.02,98,94,2.33,overcast clouds
414,Alice Springs,AU,-23.7,133.8833,54.95,58,0,4.61,clear sky
415,Hami,CN,42.8,93.45,81.77,21,100,12.03,overcast clouds
416,Iwata,JP,34.7,137.85,77.05,91,100,1.99,overcast clouds
417,Iracoubo,GF,5.4802,-53.2011,77.88,84,11,8.25,few clouds
418,Cassilandia,BR,-19.1133,-51.7342,70.39,64,0,3.89,clear sky
419,Pombas,CV,17.1503,-25.0201,74.98,92,86,10.25,overcast clouds
420,Voh,NC,-20.9667,164.7,72.64,56,80,6.33,broken clouds
421,Znamenskoye,RU,57.1281,73.8282,61.83,97,98,8.46,light rain
422,Kijang,KR,35.2442,129.2139,78.53,86,99,6.89,overcast clouds
423,Port-Gentil,GA,-0.7193,8.7815,73.36,88,75,10.36,broken clouds
424,Kuytun,RU,54.3419,101.5036,60.04,80,21,4.97,few clouds
425,Korla,CN,41.7597,86.1469,74.77,31,89,7.81,overcast clouds
426,Union Hidalgo,MX,16.4723,-94.8295,81.36,75,76,11.61,broken clouds
427,Camara De Lobos,PT,32.6333,-16.9667,66.83,73,75,10.36,broken clouds
428,Klyuchi,RU,52.2667,79.1667,66.0,67,100,7.45,overcast clouds
429,Kurilsk,RU,45.2333,147.8833,46.87,97,99,11.74,overcast clouds
430,Kudahuvadhoo,MV,2.6708,72.8944,83.52,71,53,13.27,broken clouds
431,Chiredzi,ZW,-21.05,31.6667,58.1,81,0,7.63,clear sky
432,Ulaanbaatar,MN,47.9077,106.8832,55.53,82,40,4.47,scattered clouds
433,Kavaratti,IN,10.5669,72.642,83.19,78,100,18.88,overcast clouds
434,Pangnirtung,CA,66.1451,-65.7125,43.34,69,8,1.7,clear sky
435,San Antonio,US,29.4241,-98.4936,101.48,31,75,11.5,broken clouds
436,Vila Do Maio,CV,15.1333,-23.2167,74.19,90,22,7.94,light rain
437,Wanning,CN,18.8003,110.3967,84.0,85,96,11.92,overcast clouds
438,Ust-Karsk,RU,52.7011,118.8077,55.81,97,100,4.94,light rain
439,Paamiut,GL,61.994,-49.6678,37.54,89,100,3.83,overcast clouds
440,Qui Nhon,VN,13.7667,109.2333,83.34,64,46,4.7,scattered clouds
441,Nicolas Bravo,MX,18.45,-88.9167,73.38,98,100,7.61,overcast clouds
442,San Pedro,PH,14.35,121.0167,84.34,79,40,5.75,scattered clouds
443,Melfi,IT,40.9965,15.6514,62.02,68,0,8.61,clear sky
444,Lubao,PH,14.9167,120.55,83.91,77,100,3.67,overcast clouds
445,Kasiri,SL,8.9412,-13.1148,77.22,86,62,7.14,broken clouds
446,Nelson Bay,AU,-32.7167,152.15,55.11,91,67,1.99,broken clouds
447,Yar-Sale,RU,66.8333,70.8333,60.26,96,100,5.5,moderate rain
448,Ahar,IR,38.4774,47.0699,60.96,77,0,3.65,clear sky
449,Kungurtug,RU,50.5994,97.5228,57.29,59,23,1.07,few clouds
450,Sonkovo,RU,57.7782,37.1571,49.64,94,100,4.23,overcast clouds
451,Dover,US,39.1582,-75.5244,79.02,42,0,9.22,clear sky
452,Lomza,PL,53.1781,22.0593,54.03,97,100,10.31,overcast clouds
453,Nemuro,JP,43.3236,145.575,52.7,88,9,13.94,clear sky
454,Detva,SK,48.5608,19.4195,69.04,94,78,5.7,broken clouds
455,Carupano,VE,10.6678,-63.2585,76.24,90,49,9.48,scattered clouds
456,Zeya,RU,53.75,127.2667,59.47,93,100,10.74,light rain
457,Puerto Ayacucho,VE,5.6639,-67.6236,71.83,97,100,3.78,overcast clouds
458,Bilma,NE,18.6853,12.9164,90.41,17,0,5.1,clear sky
459,Saint-Pierre,RE,-21.3393,55.4781,65.91,72,0,9.22,clear sky
460,Husavik,IS,66.0449,-17.3389,45.64,71,11,3.69,few clouds
461,Lekoni,GA,-1.5843,14.2591,72.95,76,58,4.23,broken clouds
462,Selfoss,IS,63.9331,-20.9971,49.05,95,36,15.86,scattered clouds
463,Abha,SA,18.2164,42.5053,70.05,56,0,0.0,clear sky
464,Vagur,FO,61.4732,-6.8119,47.01,94,100,11.81,overcast clouds
465,Fort Morgan,US,40.2503,-103.8,92.05,13,0,13.8,clear sky
466,Asau,RO,46.4333,26.4,63.52,84,1,6.06,clear sky
467,Yasenskaya,RU,46.3592,38.269,72.52,63,45,5.91,scattered clouds
468,Khash,IR,28.2211,61.2158,69.85,27,2,6.35,clear sky
469,Shenjiamen,CN,29.9576,122.298,74.73,91,88,6.85,overcast clouds
470,Les Escoumins,CA,48.1111,-69.0236,43.95,80,2,5.19,clear sky
471,Yuanli,TW,24.4397,120.6535,84.42,74,75,9.22,broken clouds
472,Eydhafushi,MV,5.1033,73.0708,82.47,73,100,14.45,overcast clouds
473,Barranca,PE,-10.75,-77.7667,61.9,79,42,11.05,scattered clouds
474,Podgornoye,RU,51.735,39.1496,68.22,68,0,8.95,clear sky
475,Mayo,US,38.8876,-76.5119,77.88,56,58,1.01,broken clouds
476,Kenora,CA,49.8167,-94.4337,88.77,51,75,8.05,thunderstorm
477,Amapa,BR,1.0,-52.0,70.9,97,25,1.68,scattered clouds
478,Santa Fe De La Laguna,MX,19.6667,-101.55,74.7,46,58,3.69,broken clouds
479,Quthing,LS,-30.4,27.7003,48.96,70,4,5.08,clear sky
480,Lar,IN,26.2039,83.9717,85.5,60,4,5.95,clear sky
481,Morinville,CA,53.8001,-113.652,67.78,52,20,16.11,few clouds
482,La Romana,DO,18.4273,-68.9728,84.56,70,20,9.22,few clouds
483,Makasar,ID,-5.14,119.4221,75.25,100,20,2.3,few clouds
484,Huarmey,PE,-10.0681,-78.1522,63.61,81,80,12.86,broken clouds
485,Pombia,IT,45.653,8.6336,75.24,75,0,3.44,clear sky
486,Myatlevo,RU,54.8969,35.6762,53.82,91,97,2.04,overcast clouds
487,Mizan Teferi,ET,6.9833,35.5833,58.35,96,98,2.59,overcast clouds
488,Batemans Bay,AU,-35.7167,150.1833,59.88,61,74,6.26,light rain
489,Sola,VU,-13.8833,167.55,79.81,76,47,12.19,scattered clouds
490,Boyolangu,ID,-8.1181,111.8935,76.98,85,98,4.05,light rain
491,Ustye,RU,59.6304,39.736,50.59,96,98,5.01,overcast clouds
492,Sidi Ali,DZ,36.0998,0.4206,74.52,53,80,8.12,broken clouds
493,Magnor,SE,59.9511,12.1996,49.12,85,21,1.79,few clouds
494,Plouzane,FR,48.3833,-4.6167,59.05,94,0,11.5,clear sky
495,Kikwit,CD,-5.041,18.8162,71.47,68,20,1.77,few clouds
496,Sesvete,HR,45.8311,16.1164,71.19,73,0,4.61,clear sky
497,Henties Bay,NA,-22.116,14.2845,54.25,85,1,6.53,clear sky
498,Dunedin,NZ,-45.8742,170.5036,46.53,69,52,0.89,broken clouds
499,Ust-Nera,RU,64.5667,143.2,52.9,76,100,6.51,overcast clouds
500,Balakhninskiy,RU,58.0106,114.2769,58.48,87,100,2.64,overcast clouds
501,Cariamanga,EC,-4.3333,-79.55,65.17,88,94,1.63,light rain
502,Saint Anthony,US,45.0205,-93.218,98.2,46,1,4.0,clear sky
503,Chor,PK,25.5167,69.7667,83.68,68,22,21.36,few clouds
504,Ketchikan,US,55.3422,-131.6461,55.92,73,93,7.49,overcast clouds
505,Aztec,US,36.8222,-107.9929,81.48,9,1,10.51,clear sky
506,Stornoway,GB,58.2093,-6.3865,53.92,95,100,4.61,overcast clouds
507,Malinovoye Ozero,RU,51.6753,79.7825,66.43,65,79,6.71,broken clouds
508,Egvekinot,RU,66.3167,-179.1667,34.07,98,100,6.42,snow
509,Kakonko,TZ,-3.2828,30.9642,64.96,64,83,2.53,broken clouds
510,Changde,CN,29.0464,111.6783,78.91,90,100,1.48,overcast clouds
511,Ternate,ID,0.8,127.4,81.81,75,20,4.7,few clouds
512,Ibotirama,BR,-12.1853,-43.2206,74.01,56,68,7.81,broken clouds
513,Nizwa,OM,22.9333,57.5333,86.31,46,19,1.34,few clouds
514,Padang,ID,-0.9492,100.3543,75.25,81,70,4.0,broken clouds
515,Tricase,IT,39.9304,18.3553,70.32,82,0,6.02,clear sky
516,Owo,NG,7.1962,5.5868,70.83,98,76,4.12,broken clouds
517,Ust-Ilimsk,RU,58.0006,102.6619,57.96,64,0,7.45,clear sky
518,Canberra,AU,-35.2835,149.1281,48.45,94,93,8.9,light rain
519,Saquena,PE,-4.6667,-73.5167,73.06,94,99,2.77,overcast clouds
520,Najran,SA,17.4924,44.1277,81.25,27,99,6.38,overcast clouds
521,Tura,IN,25.5198,90.2201,72.16,98,99,4.61,overcast clouds
522,Acarau,BR,-2.8856,-40.12,78.04,81,62,12.08,broken clouds
523,Bolu,TR,40.6667,31.5833,59.34,94,96,4.05,light rain
524,Kununurra,AU,-15.7667,128.7333,76.98,33,100,9.22,overcast clouds
525,Show Low,US,34.2542,-110.0298,82.62,22,0,13.8,clear sky
526,Oudtshoorn,ZA,-33.5907,22.2014,50.36,75,85,2.98,overcast clouds
527,Biak,ID,-0.9131,122.8766,78.57,77,72,7.31,broken clouds
528,Vangaindrano,MG,-23.35,47.6,65.77,86,98,1.07,overcast clouds
529,Puerto Escondido,MX,15.85,-97.0667,79.5,91,100,3.65,overcast clouds
530,Takoradi,GH,4.8845,-1.7554,76.12,91,47,6.98,light rain
531,Obo,CF,5.3998,26.4869,65.35,98,81,2.64,broken clouds
532,Savalou,BJ,7.9281,1.9756,74.28,94,19,7.78,moderate rain
533,Cap Malheureux,MU,-19.9842,57.6142,67.46,72,21,5.01,few clouds
534,Cayenne,GF,4.9333,-52.3333,79.09,1,0,1.14,clear sky
535,Cartagena,CO,10.3997,-75.5144,83.82,74,40,4.61,scattered clouds
536,Caxito,AO,-8.5785,13.6643,63.1,97,30,3.56,scattered clouds
537,Idrinskoye,RU,54.3708,92.1358,60.44,82,77,1.99,broken clouds
538,Antsohihy,MG,-14.8796,47.9875,69.37,60,0,9.73,clear sky
539,Lodja,CD,-3.4833,23.4333,67.46,95,57,1.34,broken clouds
540,Zephyrhills,US,28.2336,-82.1812,84.38,76,75,6.91,broken clouds
541,Rabo De Peixe,PT,37.8,-25.5833,65.28,84,75,11.5,light rain
542,Revda,RU,56.801,59.9303,50.34,97,100,7.72,moderate rain
543,Salinopolis,BR,-0.6136,-47.3561,78.06,84,6,9.4,clear sky
544,Barra Patuca,HN,15.8,-84.2833,79.9,82,100,15.01,overcast clouds
545,Wanaka,NZ,-44.7,169.15,39.11,85,9,1.01,clear sky
546,Shenzhen,CN,22.5455,114.0683,86.07,95,100,9.28,overcast clouds
547,Lompoc,US,34.6391,-120.4579,90.79,67,0,23.0,clear sky
548,Youhao,CN,47.8667,128.8333,69.6,78,84,10.56,broken clouds
549,Gambela,ET,8.25,34.5833,69.55,92,100,2.51,overcast clouds
550,Tanta,EG,30.7885,31.0019,67.55,84,0,2.73,clear sky
551,Superior,US,46.7208,-92.1041,95.97,47,0,20.71,clear sky
552,Guhagar,IN,17.4842,73.1929,79.54,84,100,3.91,moderate rain
553,Vila Velha,BR,-20.3297,-40.2925,69.94,88,0,3.44,clear sky
554,Kefalos,GR,36.7453,26.9589,70.02,78,20,13.8,few clouds
555,Oyama,JP,36.3,139.8,81.59,57,100,1.48,overcast clouds
556,Charters Towers,AU,-20.1,146.2667,68.04,58,79,12.77,broken clouds
557,Bastia,FR,42.6667,9.3333,74.3,80,61,2.3,broken clouds
558,Pesca,CO,5.55,-73.05,50.86,95,99,1.66,overcast clouds
559,Maniitsoq,GL,65.4167,-52.9,36.14,93,100,13.76,light rain
560,Santa Rosa,PH,14.3122,121.1114,86.11,78,99,7.43,overcast clouds
561,Emba,KZ,48.8264,58.1442,67.14,67,100,6.8,overcast clouds
562,San Quintin,MX,30.4833,-115.95,71.87,59,0,10.25,clear sky
563,Seoul,KR,37.5683,126.9778,76.6,86,75,4.61,mist
564,Kloulklubed,PW,7.0419,134.2556,83.8,71,53,8.59,broken clouds
565,Saint-Denis,FR,48.9167,2.3333,65.14,70,0,12.66,clear sky
566,Manadhoo,MV,5.7667,73.3833,83.25,71,100,16.35,overcast clouds
567,Chabahar,IR,25.2919,60.643,83.21,87,2,7.94,clear sky
568,Georgiyevskoye,RU,58.731,45.024,49.24,95,78,5.75,broken clouds
569,Valparaiso,CL,-33.0393,-71.6273,55.47,84,100,5.75,overcast clouds
570,Salym,RU,60.0625,71.4789,63.45,93,100,9.06,light rain
571,Iranshahr,IR,27.2025,60.6848,86.07,20,1,7.81,clear sky
572,Mantua,IT,45.1667,10.7833,76.24,72,0,3.58,clear sky
573,Tomatlan,MX,19.9333,-105.25,87.58,59,97,8.32,overcast clouds
574,Tabou,CI,4.423,-7.3528,75.34,90,100,3.22,moderate rain
575,Yelizovo,RU,53.1873,158.3805,59.14,72,75,7.0,broken clouds
576,Ewa Beach,US,21.3156,-158.0072,82.44,69,14,15.3,few clouds
577,Mamit,IN,23.9333,92.4833,67.14,94,88,1.63,overcast clouds
578,Hammerfest,NO,70.6634,23.6821,55.85,58,0,10.36,clear sky
579,Weligama,LK,5.9667,80.4167,77.41,89,100,10.78,overcast clouds
580,Mandurah,AU,-32.55,115.7,58.91,78,81,7.65,broken clouds
581,Berlevag,NO,70.8578,29.0864,48.2,71,20,18.41,few clouds
582,Japura,ID,-0.3167,102.35,74.25,94,77,1.61,broken clouds
583,Chimoio,MZ,-19.1164,33.4833,57.06,100,75,3.13,broken clouds
584,Monrovia,LR,6.3005,-10.7969,76.57,86,100,3.83,moderate rain
585,Kamenka,RU,51.3223,42.7678,63.59,95,9,5.97,clear sky
586,Saint-Augustin,CA,51.226,-58.6502,50.38,89,99,8.99,overcast clouds
587,Masunga,BW,-20.6246,27.4488,52.5,72,0,14.34,clear sky
588,San Andres,CO,12.5847,-81.7006,82.42,83,100,17.27,overcast clouds
589,Wooster,US,40.8051,-81.9351,73.98,67,97,6.44,overcast clouds
590,Ngunguru,NZ,-35.6167,174.5,54.79,75,100,23.26,overcast clouds
591,Talcahuano,CL,-36.7167,-73.1167,51.48,93,100,4.61,overcast clouds
592,Ngara,TZ,-2.5122,30.6558,57.24,77,97,2.39,overcast clouds
593,Panguna,PG,-6.3164,155.4848,81.66,58,20,2.73,few clouds
594,Litovko,RU,49.2361,135.1742,59.95,96,100,4.72,moderate rain
595,Iwanai,JP,42.9744,140.5089,72.54,58,80,3.53,broken clouds
596,Otane,NZ,-39.8833,176.6333,49.01,84,99,7.11,overcast clouds
597,Viedma,AR,-40.8135,-62.9967,43.14,62,92,10.02,overcast clouds
598,Malatya,TR,38.5,38.0,59.05,51,0,2.3,clear sky
599,Luwuk,ID,-0.9516,122.7875,80.31,77,52,7.67,broken clouds
600,Kupang,ID,-10.1667,123.5833,79.54,66,82,10.89,broken clouds
601,Sarangani,PH,5.4033,125.4636,83.08,71,86,2.8,overcast clouds
602,Atambua,ID,-9.1061,124.8925,76.06,70,97,4.63,overcast clouds
603,Chancay,PE,-11.5714,-77.2672,61.77,81,64,9.93,broken clouds
604,Herrin,US,37.8031,-89.0276,88.02,37,0,8.05,clear sky
605,Karratha,AU,-20.7377,116.8463,68.02,48,0,14.32,clear sky
606,Libertador General San Martin,AR,-23.8064,-64.7876,56.97,66,0,3.69,clear sky
607,Kencong,ID,-8.2833,113.3667,76.37,84,99,2.71,overcast clouds
608,San Miguel,SV,13.4833,-88.1833,76.08,96,100,1.99,light rain
609,Progreso,MX,21.2833,-89.6667,79.11,80,100,15.37,overcast clouds
610,Kaeo,NZ,-35.1,173.7833,57.33,84,100,16.35,overcast clouds
611,Vostok,RU,46.4856,135.8833,54.91,98,100,3.98,overcast clouds
612,Lumby,CA,50.2498,-118.969,74.05,60,50,2.3,scattered clouds
613,Butere,KE,0.2064,34.4935,61.68,89,89,4.54,overcast clouds
614,Port Macquarie,AU,-31.4333,152.9167,60.89,64,73,2.86,broken clouds
615,Chlorakas,CY,34.8042,32.4083,72.48,83,75,6.91,broken clouds
616,Laramie,US,41.3114,-105.5911,71.53,19,26,25.99,scattered clouds
617,Guadalajara,MX,20.6667,-103.3333,84.15,32,93,1.61,overcast clouds
618,Azuga,RO,45.45,25.55,57.79,75,2,2.8,clear sky
619,Usinsk,RU,65.9939,57.5281,54.91,83,41,14.52,scattered clouds
620,Mitchell,US,43.7094,-98.0298,88.74,34,27,23.69,scattered clouds
621,Aswan,EG,24.0934,32.907,87.1,16,0,6.91,clear sky
622,Taunggyi,MM,20.7833,97.0333,63.64,93,91,4.12,overcast clouds
623,Puerto Madero,MX,14.7208,-92.4215,79.0,100,100,5.75,overcast clouds
624,Kawalu,ID,-7.3817,108.2082,71.94,95,87,1.48,overcast clouds
625,Bucerias,MX,20.75,-105.3333,84.97,79,95,5.75,overcast clouds
626,Peno,RU,56.9262,32.7426,49.71,90,100,2.77,overcast clouds
627,Czestochowa,PL,50.7965,19.1241,57.07,93,79,11.48,broken clouds
628,Gravdal,NO,68.1214,13.5031,49.35,90,100,32.68,light rain
629,Cururupu,BR,-1.8283,-44.8683,74.32,92,7,2.91,clear sky
630,Port Hardy,CA,50.6996,-127.4199,60.98,77,75,8.05,broken clouds
631,Rocha,UY,-34.4833,-54.3333,45.46,76,85,6.26,overcast clouds
632,Treinta Y Tres,UY,-33.2333,-54.3833,45.55,69,85,6.85,overcast clouds
633,Bagan,RU,54.1001,77.6646,64.26,72,76,8.21,broken clouds
634,Magugu,TZ,-4.0167,35.7667,56.5,78,31,2.44,scattered clouds
635,Marovoay,MG,-16.1,46.6333,66.09,72,3,4.7,clear sky
636,Nantucket,US,41.2835,-70.0995,64.02,86,30,14.85,scattered clouds
637,Abu Samrah,SY,35.3029,37.1841,67.46,73,0,14.85,clear sky
638,Payo,ID,-3.7508,103.6372,72.5,95,93,1.43,overcast clouds
639,Lamlash,GB,55.5336,-5.1296,56.48,95,100,7.36,overcast clouds
640,Santo Tomas,PH,14.1079,121.1414,83.55,81,100,5.03,overcast clouds
641,Pahrump,US,36.2083,-115.9839,91.94,7,0,3.0,clear sky
642,Panama City,PA,8.9936,-79.5197,82.35,76,40,4.61,scattered clouds
643,Ambulu,ID,-8.345,113.6058,76.95,81,96,3.15,overcast clouds
644,Bansang,GM,13.4333,-14.65,75.51,91,96,8.39,moderate rain
645,Carutapera,BR,-1.195,-46.02,75.83,90,2,6.31,clear sky
646,Rawlins,US,41.7911,-107.2387,60.35,32,46,26.64,scattered clouds
647,Celestun,MX,20.8667,-90.4,76.62,90,100,15.55,overcast clouds
648,Portland,US,45.5234,-122.6762,74.64,54,18,7.0,few clouds
649,Mayumba,GA,-3.432,10.6554,69.78,91,8,10.25,clear sky
650,La Ronge,CA,55.1001,-105.2842,64.65,63,75,11.5,broken clouds
651,Fort Nelson,CA,58.8053,-122.7002,69.39,49,75,8.05,thunderstorm with light rain
652,Westport,US,41.1415,-73.3579,76.01,54,40,3.0,scattered clouds
653,Calama,CL,-22.4667,-68.9333,54.09,14,0,10.36,clear sky
654,Nyurba,RU,63.2842,118.3319,54.63,42,59,10.11,broken clouds
655,Bathurst,AU,-33.4166,149.5806,51.82,72,34,5.32,scattered clouds
656,Almaznyy,RU,48.0448,40.045,65.97,57,0,2.28,clear sky
657,Wainwright,CA,52.839,-110.8572,62.4,71,99,10.92,overcast clouds
658,Uige,AO,-7.6087,15.0613,60.55,86,31,1.88,scattered clouds
659,Roebourne,AU,-20.7833,117.1333,68.45,47,0,14.83,clear sky
660,Simao,CN,22.7886,100.9748,66.6,97,100,2.01,overcast clouds
661,Ugoofaaru,MV,5.6667,73.0,83.21,70,99,16.17,overcast clouds
662,Azalea Park,US,28.5411,-81.3006,85.1,75,75,5.99,broken clouds
663,Yining,CN,29.0361,114.5636,76.17,95,84,0.51,broken clouds
664,Xining,CN,36.6167,101.7667,59.83,83,92,1.36,overcast clouds
665,Tezu,IN,27.9167,96.1667,74.1,94,99,1.83,overcast clouds
666,Timra,SE,62.487,17.3257,49.68,93,0,3.44,clear sky
667,Barceloneta,PR,18.4505,-66.5385,83.25,84,15,15.77,few clouds
668,Tevriz,RU,57.509,72.4042,61.68,97,100,8.23,light rain
669,Carbonia,IT,39.1672,8.5222,73.0,56,0,7.23,clear sky
670,Beira,MZ,-19.8436,34.8389,71.69,78,20,5.99,few clouds
671,Owando,CG,-0.4819,15.8999,69.96,95,64,2.93,light rain
672,Sulangan,PH,11.1373,123.7228,83.25,72,100,6.04,moderate rain
673,La Cruz,MX,23.9167,-106.9,84.97,64,44,9.75,scattered clouds
674,Cukai,MY,4.25,103.4167,75.15,88,88,4.23,overcast clouds
675,Abu Kamal,SY,34.4506,40.9171,84.49,35,0,12.57,clear sky
676,San Ramon,US,37.7799,-121.978,96.49,26,3,8.01,clear sky
677,Shu,KZ,43.5983,73.7614,62.67,84,77,8.14,broken clouds
678,Trelew,AR,-43.249,-65.3051,39.22,59,3,12.86,clear sky
679,Mosquera,CO,4.7059,-74.2302,51.89,100,75,5.75,broken clouds
