City_ID,City,Country,Max Temp,Weather Description,Lat,Lng,Hotel Name
0,Nampa,US,76.28,clear sky,43.5407,-116.5635,Nampa Downtown
1,Nizhnevartovsk,RU,66.22,clear sky,60.9344,76.5531,Luch
4,Manggar,ID,78.26,overcast clouds,-2.8833,108.2667,Guest Hotel
5,Guerrero Negro,MX,73.31,clear sky,27.9769,-114.0611,"Casa Laguna, Bed & Breakfast"
8,Mount Isa,AU,67.77,overcast clouds,-20.7333,139.5,ibis Styles Mt Isa Verona
9,Foligno,IT,68.13,scattered clouds,42.944,12.7011,City Hotel & Suites
13,Mogadishu,SO,78.37,light rain,2.0371,45.3438,Hotel Juba
14,Souillac,MU,70.18,scattered clouds,-20.5167,57.5167,Shanti Maurice Resort & Spa
15,Rikitea,PF,70.86,broken clouds,-23.1203,-134.9692,People ThankYou
17,Barrow,US,66.22,clear sky,71.2906,-156.7887,King Eider Inn
18,Puerto Ayora,EC,69.55,broken clouds,-0.7393,-90.3518,Finch Bay Galapagos Hotel
21,Yellowknife,CA,72.12,few clouds,62.456,-114.3525,The Explorer Hotel
22,Flinders,AU,60.39,overcast clouds,-34.5833,150.8552,Shellharbour Resort & Conference Centre
23,Vrable,SK,69.03,overcast clouds,48.2437,18.3085,Hotel Pr√©dium
24,Cape Town,ZA,60.39,clear sky,-33.9258,18.4232,"Radisson Blu Hotel Waterfront, Cape Town"
25,Maku,IR,66.18,clear sky,39.2911,44.4521,Maku Tourist Hotel
27,Albany,US,77.41,broken clouds,42.6001,-73.9662,Maku Tourist Hotel
32,Busselton,AU,61.54,overcast clouds,-33.65,115.3333,Observatory Guest House
34,Jamestown,US,67.59,overcast clouds,42.097,-79.2353,Hampton Inn & Suites Jamestown
35,Tortoli,IT,73.22,clear sky,39.9256,9.6572,Hotel La Bitta
38,Preobrazheniye,RU,62.02,broken clouds,42.9019,133.9064,Campsite Orlan
40,Champoton,MX,75.99,overcast clouds,19.35,-90.7167,HOTEL Posada La Regia
42,Algiers,DZ,73.22,scattered clouds,36.7525,3.042,Sofitel Algiers Hamma Garden
48,Harper,LR,75.58,moderate rain,4.375,-7.7169,Screensaver
49,Hualmay,PE,62.64,scattered clouds,-11.0964,-77.6139,Hotel Villa Kitzia Huacho
51,Fortuna,US,74.86,clear sky,40.5982,-124.1573,Super 8 by Wyndham Fortuna
53,San Carlos,VE,73.08,overcast clouds,9.6612,-68.5827,Hotel Paternopoli
61,Tres Picos,MX,79.18,overcast clouds,15.8667,-93.5333,Tres picos Chiapas
67,Arraial Do Cabo,BR,71.46,light rain,-22.9661,-42.0278,Pousada Porto Praia
70,Anchorage,US,67.08,clear sky,61.2181,-149.9003,Hotel Captain Cook
71,Atuona,PF,78.24,scattered clouds,-9.8,-139.0333,Villa Enata
72,Santarem,BR,77.13,few clouds,-2.4431,-54.7083,Hotel Imperador
73,Shelburne,CA,68.31,overcast clouds,44.0787,-80.2041,The Retreat at the Farm
82,Kasongo-Lunda,CD,68.32,scattered clouds,-6.4667,16.8167,The Retreat at the Farm
84,Juruti,BR,75.83,broken clouds,-2.1522,-56.0922,Pousada Marupiara
95,Airai,TL,63.28,overcast clouds,-8.9266,125.4092,Pousada Marupiara
97,Bainbridge,US,70.84,broken clouds,47.6262,-122.5212,Bainbridge Island Country Inn
100,Chapais,CA,69.58,overcast clouds,49.7834,-74.8492,H√¥tel Op√©miska
101,Palani,IN,75.87,overcast clouds,10.4667,77.5333,Palani Temple Accommodation
104,Ust-Omchug,RU,67.01,overcast clouds,61.15,149.6333,Palani Temple Accommodation
105,Huangnihe,CN,71.78,overcast clouds,43.5583,128.0239,Jinxin Bathing Fashion Hotel
106,Adolfo Lopez Mateos,MX,72.93,overcast clouds,28.4667,-107.3,Hotel Victor Inn
108,Naze,JP,77.92,broken clouds,28.3667,129.4833,Shishime Hotel
111,Bethel,US,77.09,clear sky,41.3712,-73.414,Courtyard by Marriott Danbury
114,Sao Joao Da Barra,BR,70.25,few clouds,-21.6403,-41.0511,Pousada Porto De Canoas
118,Karpathos,GR,71.56,clear sky,35.507,27.2132,Alex
121,Komsomolskiy,UZ,66.92,light rain,40.4272,71.7189,Ikathouse
122,Asfi,MA,66.22,clear sky,32.2994,-9.2372,H√¥tel Abda
123,Fukue,JP,73.76,fog,32.6881,128.8419,Goto Guesthouse Utojuku & SA Car Rental
126,Kapit,MY,74.44,overcast clouds,2.0167,112.9333,Hotel Meligai Kapit
127,Ulaangom,MN,64.54,clear sky,49.9811,92.0667,Achit Nuur Hotel & Restaurant
128,Mahebourg,MU,70.09,scattered clouds,-20.4081,57.7,Shandrani Beachcomber Resort & Spa
130,Baneh,IR,65.21,clear sky,35.9975,45.8853,ÿ≥ÿßÿÆÿ™ŸÖÿßŸÜ ÿ≤€åÿ™ŸàŸÜ
133,Leninskoye,KZ,61.84,overcast clouds,41.7589,69.3864,“ö–∞–ª–¥—ã–±–∞–π–¥—ã“£ “Ø–π—ñ üèòÔ∏è
134,Saint-Philippe,RE,63.99,broken clouds,-21.3585,55.7679,"Chambres d'h√¥te ""La Trinit√©"""
136,Hambantota,LK,79.14,overcast clouds,6.1241,81.1185,Bungalow 63
137,Niteroi,BR,71.22,broken clouds,-22.8833,-43.1036,Hotel Viareggio
140,San Cristobal,VE,73.58,overcast clouds,7.7669,-72.225,Pirineos
141,Turukhansk,RU,72.37,few clouds,65.8167,87.9833,"–û–û–û ""–¢—É—Ä—É—Ö–∞–Ω—Å–∫–∞—è –ø—É—à–Ω–∏–Ω–∞"""
142,Songadh,IN,78.87,broken clouds,21.1667,73.5667,SPOT ON 61520 Shivam Guest House
143,Elko,US,69.82,scattered clouds,41.0002,-115.5012,SPOT ON 61520 Shivam Guest House
144,Port Alfred,ZA,62.19,scattered clouds,-33.5906,26.891,The Halyards Hotel
146,Kuching,MY,75.42,scattered clouds,1.55,110.3333,Hilton Kuching
148,Hay River,CA,66.18,broken clouds,60.8156,-115.7999,Ptarmigan Inn
149,Sfantu Gheorghe,RO,67.26,clear sky,45.8667,25.7833,Hotel Park
150,Bestobe,KZ,66.67,overcast clouds,52.4994,73.0975,Hotel Park
152,Januaria,BR,68.13,clear sky,-15.4833,-44.3667,Hotel Paraguassu
153,Sayyan,YE,67.24,overcast clouds,15.1718,44.3244,ŸÖŸÑÿßÿ∑ŸÅ ÿßÿ®Ÿàÿ≠Ÿàÿ±Ÿäÿ©
155,Atkarsk,RU,63.21,overcast clouds,51.8718,45.0078,Hotel Kareta
157,Virginia Beach,US,78.87,scattered clouds,36.8529,-75.978,Hilton Virginia Beach Oceanfront
158,Arenapolis,BR,71.76,few clouds,-14.4503,-56.8461,Mato Grosso Hotel
159,Puerto Narino,CO,72.97,broken clouds,-3.7703,-70.3831,Eware Refugio Amazonico
161,Ponta Do Sol,PT,66.83,broken clouds,32.6667,-17.1,Hotel do Campo
168,Kamra,PK,64.96,overcast clouds,33.7473,73.5111,Jangle Hotel
170,Nhamunda,BR,74.98,broken clouds,-2.1861,-56.7131,Pousada Da Praia
171,Thompson,CA,60.96,overcast clouds,55.7435,-97.8558,Burntwood Hotel
172,Touros,BR,75.96,few clouds,-5.1989,-35.4608,INN NEW HORIZON
175,Williston,US,75.81,broken clouds,48.147,-103.618,Hampton Inn & Suites Williston
176,Churapcha,RU,72.52,overcast clouds,62.0025,132.4325,"""Tusku"""
177,Utinga,BR,79.2,broken clouds,-5.8172,-35.3954,Espa√ßo de Lazer √ârica Fernandes
178,Longkou,CN,78.46,overcast clouds,37.6508,120.3286,Pai Hotel Yantai Longkou City Heping Road
180,Lasa,IT,65.28,clear sky,46.6166,10.7002,Pension Feldg√§rtenhof
181,Toumodi,CI,70.83,light rain,6.5613,-5.0158,Hotel Akanza
182,Ribeira Grande,PT,65.34,broken clouds,38.5167,-28.7,Quinta da Meia Eira
183,Pisco,PE,64.45,clear sky,-13.7,-76.2167,Hotel San Isidro Oficial
186,Amursk,RU,65.08,overcast clouds,50.2261,136.8994,Gostinitsa Tsentral'naya
189,Lethem,GY,75.38,overcast clouds,3.3803,-59.7968,Savannah Inn
191,Nome,US,61.16,clear sky,64.5011,-165.4064,Dredge 7 Inn
192,Elizabeth City,US,75.22,clear sky,36.2946,-76.2511,Hampton Inn Elizabeth City
195,Port Elizabeth,ZA,61.32,broken clouds,-33.918,25.5701,39 On Nile Guest House
197,Caravelas,BR,70.02,scattered clouds,-17.7125,-39.2481,Pousada dos Navegantes
198,College,US,73.0,broken clouds,64.8569,-147.8028,Pike's Waterfront Lodge
200,Sao Filipe,CV,73.72,light rain,14.8961,-24.4956,Hotel Xaguate
201,Derzhavinsk,KZ,63.05,scattered clouds,51.1,66.3167,Ooo.khim Baza
206,Yamada,JP,68.97,scattered clouds,39.4667,141.95,Iroha-ya Inn
209,Labuhan,ID,78.21,overcast clouds,-6.8844,112.2051,DoubleFAG
211,Singaparna,ID,71.4,broken clouds,-7.3515,108.111,Wisma Dewi Hotel
212,Waingapu,ID,78.4,broken clouds,-9.6567,120.2641,Pondok Wisata Elim
214,Hojai,IN,75.18,broken clouds,26.0,92.8667,Luxury park hotel
215,Krasnoselkup,RU,70.34,overcast clouds,65.7,82.4667,Krasnosel'kupnefteprodukt
217,Kishi,NG,72.54,moderate rain,9.0833,3.85,New NCCF KISI
218,Broome,US,71.98,clear sky,42.2506,-75.833,Chenango Valley State Park
220,Sungaipenuh,ID,64.22,broken clouds,-2.0833,101.3833,Penginapan Citra Alam
221,Chitral,PK,62.69,overcast clouds,35.8462,71.7858,PTDC Motel Chitral
225,Saryozek,KZ,60.58,scattered clouds,44.3583,77.9753,Gostinitsa
226,Aleksandrov Gay,RU,69.84,scattered clouds,50.147,48.5704,Gostinitsa
227,Smiths Falls,CA,74.89,few clouds,44.9001,-76.0161,Best Western Smiths Falls Hotel
229,Simiti,CO,77.0,overcast clouds,7.9579,-73.9436,Cancha la original
230,Noumea,NC,73.38,overcast clouds,-22.2763,166.4572,H√¥tel Le Lagon
232,Bafia,CM,65.77,broken clouds,4.75,11.2333,Hotel born beyem
235,Bambous Virieux,MU,70.05,scattered clouds,-20.3428,57.7575,Casa Tia Villa
243,Ust-Ishim,RU,60.42,overcast clouds,57.6935,71.1665,"Velichko T.p., Gostinitsa"
245,Arzgir,RU,71.44,few clouds,45.3728,44.2206,"Velichko T.p., Gostinitsa"
247,Mankono,CI,71.11,light rain,8.0586,-6.1897,H√¥tel cotonputeur
254,Quetame,CO,60.85,overcast clouds,4.3323,-73.8614,Hotel Orqu√≠dea Quetame
255,Aktau,KZ,63.18,scattered clouds,43.65,51.2,Silk Way Hotel
256,Ambilobe,MG,63.86,clear sky,-13.2,49.05,H√¥tel & Restaurant DIANA Ambilobe
257,Harqalah,TN,75.06,clear sky,36.0303,10.509,Dar Khadija
259,Bundi,IN,79.65,broken clouds,25.4417,75.6417,Hotel Bundi Inn-A Heritage Haveli
260,Aron,IN,76.82,broken clouds,24.3833,77.4167,Shri Ram marriage garden aron
263,Richards Bay,ZA,64.2,scattered clouds,-28.783,32.0377,BON Hotel Waterfront Richards Bay
265,Zarautz,ES,64.35,overcast clouds,43.2844,-2.1699,Hotel Zarauz
266,Bonthe,SL,76.93,light rain,7.5264,-12.505,Bonthe Holiday Village
267,Ponta Delgada,PT,66.51,light rain,37.7333,-25.6667,Vila Nova Hotel
268,Mayya,RU,67.32,overcast clouds,61.7333,130.2811,Vila Nova Hotel
270,Ocumare Del Tuy,VE,72.18,scattered clouds,10.1165,-66.7761,HOSTAL EDDYS
271,Nouadhibou,MR,73.38,mist,20.931,-17.0347,El Medina
274,Xichang,CN,70.07,overcast clouds,27.8964,102.2634,Xichang ibis Hotel
275,Vao,NC,70.81,overcast clouds,-22.6667,167.4833,Hotel Kou-Bugny
276,Kutum,SD,77.65,overcast clouds,14.2,24.6667,Dibbo areaŸÖŸÜÿ∑ŸÇÿ© ÿØÿ®Ÿà
277,Taman,RU,75.36,broken clouds,45.2117,36.7161,Staryy Gorod G. Taman'
278,Kalmunai,LK,78.78,overcast clouds,7.4167,81.8167,VS Villa
280,Pitimbu,BR,75.79,few clouds,-7.4706,-34.8086,Reserva do Abia√≠
281,Ruteng,ID,65.01,scattered clouds,-8.6136,120.4721,Hotel FX 72
282,Dudinka,RU,65.62,overcast clouds,69.4058,86.1778,Hotel Viktoria
283,Georgetown,MY,76.93,few clouds,5.4112,100.3354,Cititel Penang
286,Ust-Uda,RU,61.95,clear sky,54.1742,103.0304,Gostinitsa Ust'-Uda Shans
288,Ust-Maya,RU,74.73,overcast clouds,60.4167,134.5333,Gostinitsa Ust'-Uda Shans
289,Gat,IL,74.08,clear sky,31.61,34.7642,OlusHome
291,Loubomo,CG,65.07,few clouds,-4.1997,12.6739,La Dolisienne
293,Hatta,IN,79.77,broken clouds,24.1167,79.6,Agrawal Marriage Garden Bharat Tent House
295,Sarankhola,BD,77.94,light rain,22.3082,89.7897,Red Crescent Cyclone Shelter Rashulpur
296,Belmonte,BR,72.37,clear sky,-15.8631,-38.8828,Pousada Monte Carmelo O P√£o
301,Saint-Ambroise,CA,68.54,broken clouds,48.5501,-71.3324,Motel Saint-Ambroise
304,Bubaque,GW,79.95,light rain,11.2833,-15.8333,"Casa Dora, Bubaque"
309,Luganville,VU,79.12,scattered clouds,-15.5333,167.1667,The Espiritu Hotel
310,Isangel,VU,77.11,scattered clouds,-19.55,169.2667,Tanna Lodge
311,Mareeba,AU,70.52,broken clouds,-17.0,145.4333,Trinity Plains Tourist Park
316,Santa Luzia,BR,68.9,clear sky,-19.7697,-43.8514,Pousada Chao Earth
318,East London,ZA,61.79,few clouds,-33.0153,27.9116,Tu Casa
320,Smithers,CA,66.52,broken clouds,54.7804,-127.1743,"Prestige Hudson Bay Lodge, Premier Collection"
321,Phek,IN,60.17,overcast clouds,25.6667,94.5,Prayer Centre
327,Cikampek,ID,75.47,broken clouds,-6.4197,107.4558,Prime Plaza Hotel Purwakarta
330,Hobyo,SO,78.13,overcast clouds,5.3505,48.5268,Iftin hotel hobyo
332,Sinnamary,GF,77.85,clear sky,5.3833,-52.95,ALETHEIA Appartement Sinnamary
336,Vila Franca Do Campo,PT,66.2,scattered clouds,37.7167,-25.4333,Pestana Bahia Praia
338,Los Llanos De Aridane,ES,65.12,overcast clouds,28.6585,-17.9182,Valle Aridane
340,Carnarvon,AU,65.71,clear sky,-24.8667,113.6333,Hospitality Carnarvon
341,Tsabong,BW,63.34,scattered clouds,-26.0217,22.401,Springbok Motel
342,Roald,NO,60.17,overcast clouds,62.5833,6.1333,Flem Cabins
350,Langxiang,CN,69.69,overcast clouds,46.95,128.8833,Pearl Hotel
354,Tommot,RU,70.02,overcast clouds,58.9564,126.2925,Gostinitsa Tommot
356,Manthani,IN,75.85,moderate rain,18.65,79.6667,"Sri Sai bike Paint,manthani"
357,Teya,RU,64.31,broken clouds,60.3778,92.6267,"Sri Sai bike Paint,manthani"
358,Hasaki,JP,79.29,overcast clouds,35.7333,140.8333,Inubosaki Kanko Hotel
359,Medea,DZ,75.33,overcast clouds,36.2642,2.7539,H√¥tel M'Sallah
363,Norman Wells,CA,68.04,broken clouds,65.282,-126.8329,Heritage Hotel
365,Rapid Valley,US,74.03,overcast clouds,44.0625,-103.1463,Fairfield Inn & Suites by Marriott Rapid City
366,Bengkulu,ID,74.7,broken clouds,-3.8004,102.2655,Grage Hotel Bengkulu
367,Santiago Del Estero,AR,60.6,clear sky,-27.7951,-64.2615,Apartamentos Castelli 90
369,Mandalgovi,MN,72.3,overcast clouds,45.7625,106.2708,–í.–ì–∞–Ω–±–∞—Ç
370,Zamosc,PL,63.39,overcast clouds,50.7231,23.252,Hotel Renesans
372,Bundaberg,AU,67.21,overcast clouds,-24.85,152.35,Takalvan Motel
373,Balkhash,KZ,70.77,broken clouds,46.844,74.9804,Family
375,Nioro,GM,79.48,overcast clouds,13.35,-15.75,Family
378,Atar,MR,78.17,overcast clouds,20.5169,-13.0499,Oumou Elghoura
379,La Baule-Escoublac,FR,63.72,broken clouds,47.2922,-2.364,H√¥tel Barri√®re Le Royal La Baule
380,Palembang,ID,75.29,few clouds,-2.9167,104.7458,ASTON Palembang Hotel & Conference Center
383,Dalian,CN,71.53,mist,38.9122,121.6022,Kempinski Hotel Dalian
384,Rozivka,UA,65.68,clear sky,46.9385,35.7724,Kempinski Hotel Dalian
387,Torbay,CA,61.29,overcast clouds,47.6666,-52.7314,Gallows Cove
390,Tazovskiy,RU,63.93,overcast clouds,67.4667,78.7,TazHostel
392,Abrau-Dyurso,RU,67.48,broken clouds,44.69,37.59,Avgustin Inn
394,Meulaboh,ID,74.21,overcast clouds,4.1363,96.1285,Kost Pria
395,Beloha,MG,61.75,clear sky,-25.1667,45.05,Kost Pria
398,Koubia,GN,68.38,overcast clouds,11.5833,-11.9,H√¥tel Mbalou Koubia
400,Puerto Del Rosario,ES,69.55,clear sky,28.5004,-13.8627,Hotel JM Puerto del Rosario
403,Katsuura,JP,74.71,overcast clouds,35.1333,140.3,Katsuura Hotel Mikazuki
404,Andijon,UZ,63.68,moderate rain,40.7821,72.3442,"Hotel ""Bog'ishamol"""
406,Maningrida,AU,76.93,overcast clouds,-12.0667,134.2667,Dhukurrdji Lodge
407,Babu,CN,75.56,overcast clouds,24.4167,111.5167,IU Hotel Hezhou Bus Terminal
411,Severnyy,RU,68.04,clear sky,50.677,36.5532,Full House North Mini-Hotel
412,Sao Bernardo,BR,74.7,light rain,-3.3614,-42.4178,Hotel Prado
413,Santa Isabel Do Rio Negro,BR,73.02,overcast clouds,-0.4139,-65.0192,Hotel GSA
416,Iwata,JP,77.05,overcast clouds,34.7,137.85,Kuretakeiniwata
417,Iracoubo,GF,77.88,few clouds,5.4802,-53.2011,Le G√Æte d‚ÄôIracoubo
418,Cassilandia,BR,70.39,clear sky,-19.1133,-51.7342,Delirius Motel
419,Pombas,CV,74.98,overcast clouds,17.1503,-25.0201,Paul Paradis
420,Voh,NC,72.64,broken clouds,-20.9667,164.7,Le g√Æte du Koniambo
421,Znamenskoye,RU,61.83,light rain,57.1281,73.8282,"Gostinitsa ""Kolos"""
422,Kijang,KR,78.53,overcast clouds,35.2442,129.2139,Samyang Beach Villa
423,Port-Gentil,GA,73.36,broken clouds,-0.7193,8.7815,Fengshui Residence
424,Kuytun,RU,60.04,few clouds,54.3419,101.5036,Gostinitsa Tsentral'naya
425,Korla,CN,74.77,overcast clouds,41.7597,86.1469,Gulisitan Hotel
427,Camara De Lobos,PT,66.83,broken clouds,32.6333,-16.9667,Golden Residence Hotel
428,Klyuchi,RU,66.0,overcast clouds,52.2667,79.1667,Vesolaya Mayovka
436,Vila Do Maio,CV,74.19,light rain,15.1333,-23.2167,Hotel Marilu
441,Nicolas Bravo,MX,73.38,overcast clouds,18.45,-88.9167,Hotel Marilu
443,Melfi,IT,62.02,clear sky,40.9965,15.6514,HOTEL TERME DI RAPOLLA
445,Kasiri,SL,77.22,broken clouds,8.9412,-13.1148,HOTEL TERME DI RAPOLLA
447,Yar-Sale,RU,60.26,moderate rain,66.8333,70.8333,Yalemd
448,Ahar,IR,60.96,clear sky,38.4774,47.0699,Ÿáÿ™ŸÑ ÿ±ÿ∂Ÿà€å
451,Dover,US,79.02,clear sky,39.1582,-75.5244,Bally's Dover Casino Resort
454,Detva,SK,69.04,broken clouds,48.5608,19.4195,Chata Blato
455,Carupano,VE,76.24,scattered clouds,10.6678,-63.2585,Hotel La dorada
457,Puerto Ayacucho,VE,71.83,overcast clouds,5.6639,-67.6236,Posada Turistica Manapiare
459,Saint-Pierre,RE,65.91,clear sky,-21.3393,55.4781,Alize Plage
461,Lekoni,GA,72.95,broken clouds,-1.5843,14.2591,Rendez-vous Des ChasseursD
463,Abha,SA,70.05,clear sky,18.2164,42.5053,Abha Hotel
466,Asau,RO,63.52,clear sky,46.4333,26.4,Casa Mika Ciobanus
467,Yasenskaya,RU,72.52,scattered clouds,46.3592,38.269,Casa Mika Ciobanus
468,Khash,IR,69.85,clear sky,28.2211,61.2158,ÿÆŸàÿßÿ®⁄ØÿßŸá ÿ¢ÿ®ÿ¨€å ŸÖÿ≠ÿØÿ´Ÿá
469,Shenjiamen,CN,74.73,overcast clouds,29.9576,122.298,Jinjiang Inn Zhoushan Putuo Shenjiamen
473,Barranca,PE,61.9,scattered clouds,-10.75,-77.7667,El Olivar Hospedaje
474,Podgornoye,RU,68.22,clear sky,51.735,39.1496,"O 'Hara's Irish Pub, restaurant, hotel"
475,Mayo,US,77.88,broken clouds,38.8876,-76.5119,Resorts Resource Group International
477,Amapa,BR,70.9,scattered clouds,1.0,-52.0,Resorts Resource Group International
478,Santa Fe De La Laguna,MX,74.7,broken clouds,19.6667,-101.55,CampAkumal
481,Morinville,CA,67.78,few clouds,53.8001,-113.652,Morinville Campground & RV Park
483,Makasar,ID,75.25,few clouds,-5.14,119.4221,Aryaduta Makassar
484,Huarmey,PE,63.61,broken clouds,-10.0681,-78.1522,Hotel Miramar
485,Pombia,IT,75.24,clear sky,45.653,8.6336,Albergo Fontana
489,Sola,VU,79.81,scattered clouds,-13.8833,167.55,Leumerus Bungalows
490,Boyolangu,ID,76.98,light rain,-8.1181,111.8935,Yos ega cv
492,Sidi Ali,DZ,74.52,broken clouds,36.0998,0.4206,Complexe touristique haje bezine
495,Kikwit,CD,71.47,few clouds,-5.041,18.8162,HOTEL PLACE YALABA
496,Sesvete,HR,71.19,clear sky,45.8311,16.1164,Bed & Breakfast Villa Aria
501,Cariamanga,EC,65.17,light rain,-4.3333,-79.55,Bermeo Plaza Hotel
507,Malinovoye Ozero,RU,66.43,broken clouds,51.6753,79.7825,Baza Otdykha
509,Kakonko,TZ,64.96,broken clouds,-3.2828,30.9642,Edward Memorial Guest House
510,Changde,CN,78.91,overcast clouds,29.0464,111.6783,Kangshida Hotel
512,Ibotirama,BR,74.01,broken clouds,-12.1853,-43.2206,Serra do Rio Hotel
514,Padang,ID,75.25,broken clouds,-0.9492,100.3543,Mercure Padang
515,Tricase,IT,70.32,clear sky,39.9304,18.3553,Hotel Adriatico
516,Owo,NG,70.83,broken clouds,7.1962,5.5868,The Chancery Hotel and Resort limited
519,Saquena,PE,73.06,overcast clouds,-4.6667,-73.5167,The Chancery Hotel and Resort limited
521,Tura,IN,72.16,overcast clouds,25.5198,90.2201,Hotel RIKMAN Continental
522,Acarau,BR,78.04,broken clouds,-2.8856,-40.12,castelo pizzaria
524,Kununurra,AU,76.98,overcast clouds,-15.7667,128.7333,Hotel Kununurra
527,Biak,ID,78.57,broken clouds,-0.9131,122.8766,Penginapan Kim
528,Vangaindrano,MG,65.77,overcast clouds,-23.35,47.6,Hotel Fanilo
529,Puerto Escondido,MX,79.5,overcast clouds,15.85,-97.0667,Aldea del Bazar Hotel and Spa
530,Takoradi,GH,76.12,light rain,4.8845,-1.7554,Raybow International Hotel
531,Obo,CF,65.35,broken clouds,5.3998,26.4869,Raybow International Hotel
532,Savalou,BJ,74.28,moderate rain,7.9281,1.9756,Hotel F&F
533,Cap Malheureux,MU,67.46,few clouds,-19.9842,57.6142,Pereybere Hotel & Spa
534,Cayenne,GF,79.09,clear sky,4.9333,-52.3333,H√¥tel Le Dronmi
536,Caxito,AO,63.1,scattered clouds,-8.5785,13.6643,H√¥tel Le Dronmi
537,Idrinskoye,RU,60.44,broken clouds,54.3708,92.1358,Domashniy Khostel
538,Antsohihy,MG,69.37,clear sky,-14.8796,47.9875,Hotel de Ville
539,Lodja,CD,67.46,broken clouds,-3.4833,23.4333,Hotel de Ville
541,Rabo De Peixe,PT,65.28,light rain,37.8,-25.5833,Quinta das Giestas
543,Salinopolis,BR,78.06,clear sky,-0.6136,-47.3561,Salinas Park Resort Ma√ßarico AP101
544,Barra Patuca,HN,79.9,overcast clouds,15.8,-84.2833,Salinas Park Resort Ma√ßarico AP101
548,Youhao,CN,69.6,broken clouds,47.8667,128.8333,Changcheng Hotel
549,Gambela,ET,69.55,overcast clouds,8.25,34.5833,Solomon Debebe Hotel
550,Tanta,EG,67.55,clear sky,30.7885,31.0019,Hesham & Fouad Pharma Group Pharmacies
552,Guhagar,IN,79.54,moderate rain,17.4842,73.1929,Hotel Seawinds
553,Vila Velha,BR,69.94,clear sky,-20.3297,-40.2925,Hotel Vit√≥ria Palace
554,Kefalos,GR,70.02,few clouds,36.7453,26.9589,Kokalakis Hotel
556,Charters Towers,AU,68.04,broken clouds,-20.1,146.2667,Cattleman's Rest Motor Inn
557,Bastia,FR,74.3,broken clouds,42.6667,9.3333,Hotel Santa Maria
561,Emba,KZ,67.14,overcast clouds,48.8264,58.1442,Hotel Santa Maria
562,San Quintin,MX,71.87,clear sky,30.4833,-115.95,Don Eddie's Sport Fishing Center
563,Seoul,KR,76.6,mist,37.5683,126.9778,Î°ØÎç∞Ìò∏ÌÖî ÏÑúÏö∏
565,Saint-Denis,FR,65.14,clear sky,48.9167,2.3333,ibis budget Paris Porte de Montmartre
570,Salym,RU,63.45,light rain,60.0625,71.4789,Gostinitsa Salym
572,Mantua,IT,76.24,clear sky,45.1667,10.7833,Hotel la Favorita
574,Tabou,CI,75.34,moderate rain,4.423,-7.3528,hot√™l doufoulougou
577,Mamit,IN,67.14,overcast clouds,23.9333,92.4833,R.Tlangliana Building
579,Weligama,LK,77.41,overcast clouds,5.9667,80.4167,Weligama Bay Resort
582,Japura,ID,74.25,broken clouds,-0.3167,102.35,Rumah mbah Jamah
584,Monrovia,LR,76.57,moderate rain,6.3005,-10.7969,Sunset Inn
585,Kamenka,RU,63.59,clear sky,51.3223,42.7678,Sunset Inn
589,Wooster,US,73.98,overcast clouds,40.8051,-81.9351,Hilton Garden Inn Wooster
595,Iwanai,JP,72.54,broken clouds,42.9744,140.5089,„ÅÑ„Çè„Å™„ÅÑÈ´òÂéü„Éõ„ÉÜ„É´
600,Kupang,ID,79.54,broken clouds,-10.1667,123.5833,Hotel On The Rock by Prasanthi
602,Atambua,ID,76.06,overcast clouds,-9.1061,124.8925,Kost Alfa Flat
603,Chancay,PE,61.77,broken clouds,-11.5714,-77.2672,Hotel Madre Perla
605,Karratha,AU,68.02,clear sky,-20.7377,116.8463,ibis Styles Karratha
607,Kencong,ID,76.37,overcast clouds,-8.2833,113.3667,GUBUK SUGIANTO
608,San Miguel,SV,76.08,light rain,13.4833,-88.1833,Excalibur
609,Progreso,MX,79.11,overcast clouds,21.2833,-89.6667,Playa Linda Hotel
612,Lumby,CA,74.05,scattered clouds,50.2498,-118.969,Twin Creeks Motel
613,Butere,KE,61.68,overcast clouds,0.2064,34.4935,Eshimuli Guest House
614,Port Macquarie,AU,60.89,broken clouds,-31.4333,152.9167,Rydges Port Macquarie
615,Chlorakas,CY,72.48,broken clouds,34.8042,32.4083,Elysium Hotel
616,Laramie,US,71.53,scattered clouds,41.3114,-105.5911,Fairfield Inn & Suites by Marriott Laramie
622,Taunggyi,MM,63.64,overcast clouds,20.7833,97.0333,True Treasure Hotel
623,Puerto Madero,MX,79.0,overcast clouds,14.7208,-92.4215,DEPARTAMENTOS LA ESTANCIA
624,Kawalu,ID,71.94,overcast clouds,-7.3817,108.2082,West Jontor
629,Cururupu,BR,74.32,clear sky,-1.8283,-44.8683,POUSADA TRAV√âS'CIA
630,Port Hardy,CA,60.98,broken clouds,50.6996,-127.4199,Airport Inn-Port Hardy
633,Bagan,RU,64.26,broken clouds,54.1001,77.6646,Motel'
635,Marovoay,MG,66.09,clear sky,-16.1,46.6333,H√¥tel les Oliviers Marovoay
636,Nantucket,US,64.02,scattered clouds,41.2835,-70.0995,Jared Coffin House
637,Abu Samrah,SY,67.46,clear sky,35.3029,37.1841,Jared Coffin House
638,Payo,ID,72.5,overcast clouds,-3.7508,103.6372,Mess keban agung
643,Ambulu,ID,76.95,overcast clouds,-8.345,113.6058,Hotel Ambulu Jember
644,Bansang,GM,75.51,moderate rain,13.4333,-14.65,Margie's Lodge
645,Carutapera,BR,75.83,clear sky,-1.195,-46.02,Lidera
646,Rawlins,US,60.35,scattered clouds,41.7911,-107.2387,"Holiday Inn Express Rawlins, an IHG Hotel"
647,Celestun,MX,76.62,overcast clouds,20.8667,-90.4,Posada Lilia
648,Portland,US,74.64,few clouds,45.5234,-122.6762,Embassy Suites by Hilton Portland Downtown
649,Mayumba,GA,69.78,clear sky,-3.432,10.6554,LIKWALE LODGE
650,La Ronge,CA,64.65,broken clouds,55.1001,-105.2842,Northland Motor Hotel
651,Fort Nelson,CA,69.39,thunderstorm with light rain,58.8053,-122.7002,The Fort Nelson Hotel
652,Westport,US,76.01,scattered clouds,41.1415,-73.3579,The Westport Inn
656,Almaznyy,RU,65.97,clear sky,48.0448,40.045,The Westport Inn
657,Wainwright,CA,62.4,overcast clouds,52.839,-110.8572,Ramada by Wyndham Wainwright
658,Uige,AO,60.55,scattered clouds,-7.6087,15.0613,Hotel Catraio
659,Roebourne,AU,68.45,clear sky,-20.7833,117.1333,Latitude20 Roebourne Village
660,Simao,CN,66.6,overcast clouds,22.7886,100.9748,Changyu Hotel
663,Yining,CN,76.17,broken clouds,29.0361,114.5636,Xiushui Hotel
665,Tezu,IN,74.1,overcast clouds,27.9167,96.1667,Circuit House
668,Tevriz,RU,61.68,light rain,57.509,72.4042,Postoyalyy Dvor
669,Carbonia,IT,73.0,clear sky,39.1672,8.5222,Lu 'Hotel
670,Beira,MZ,71.69,few clouds,-19.8436,34.8389,Beira Terrace Hotel
671,Owando,CG,69.96,light rain,-0.4819,15.8999,Exaunel Hotel Owando
674,Cukai,MY,75.15,overcast clouds,4.25,103.4167,OYO 90038 Dalyla Inn Chalet
677,Shu,KZ,62.67,broken clouds,43.5983,73.7614,Shyngyzkhan
